ano,sigla_uf,regiao,pib,impostos_liquidos,va,va_agropecuaria,va_industria,va_servicos,va_adespss
2002,RO,Norte,7467629886,839731192,6627898698,715526872,1191090432,2484579193,2236702207
2003,RO,Norte,9425010486,1108434936,8316575548,1278658831,1216605061,3376727040,2444584625
2004,RO,Norte,11004641436,1288806654,9715834778,1288515348,1674933817,3986529419,2765856199
2005,RO,Norte,12511821181,1476144194,11035676990,1342222120,1887932121,4603783904,3201738843
2006,RO,Norte,13054713344,1613809974,11440903374,1238006193,2210692147,4320526746,3671678293
2007,RO,Norte,14438376499,1766358842,12672017662,1431792087,2200048388,5107622177,3932554997
2008,RO,Norte,17285541726,2050713346,15234828376,2030130654,2463867818,6179992618,4560837285
2009,RO,Norte,19725009504,2289825239,17435184264,2116597096,3214988676,6890252624,5213345867
2010,RO,Norte,23907886882,2950929036,20956957849,2295537137,4779253947,8011723773,5870442984
2011,RO,Norte,27574714379,3382983866,24191730509,2510828777,5920619024,9255080227,6505202475
2012,RO,Norte,30112720320,3549852691,26562867625,3291666459,5555132871,10523965933,7192102357
2013,RO,Norte,31121412531,3434747084,27686665450,3329660606,5340850324,10990333916,8025820601
2014,RO,Norte,34030981973,3654797531,30376184440,3867529180,5449765822,12521672137,8537217302
2015,RO,Norte,36563332700,3989257184,32574075511,4353427356,6039153435,13123008886,9058485838
2016,RO,Norte,39460358978,4075523460,35384835521,4914567473,6572650973,14004784331,9892832744
2017,RO,Norte,43516147492,4235099382,39281048108,5876784259,8193983928,14450296420,10759983506
2018,RO,Norte,44913978486,4654189015,40259789474,5731718700,7063046287,16082571950,11382452532
2019,RO,Norte,47091335805,5053962411,42037373390,5852814369,6936573756,17482423180,11765562096
2020,RO,Norte,51598741456,5360626779,46238114681,6891411669,8285675423,19060688172,12000339417
2002,AC,Norte,2971301277,228471013,2742830264,284337190,355041179,1071069387,1032382508
2003,AC,Norte,3377234250,274851740,3102382509,381300072,295100733,1243563948,1182417760
2004,AC,Norte,3784002575,326711486,3457291088,344649774,419814012,1391429579,1301397726
2005,AC,Norte,4300581271,389565868,3911015403,411353664,415901549,1597981671,1485778519
2006,AC,Norte,4661806953,465522107,4196284845,359336532,437073363,1668465643,1731409304
2007,AC,Norte,5458172173,504531233,4953640944,380407229,598473992,2003687723,1971071996
2008,AC,Norte,6410254679,557107131,5853147546,500641174,586081687,2509774869,2256649812
2009,AC,Norte,7407821405,623026654,6784794751,502613068,974339723,2796891229,2510950732
2010,AC,Norte,8342355523,777801522,7564554004,784374716,1091621584,2926812657,2761745046
2011,AC,Norte,8949433758,784145891,8165287869,862625329,942665394,3355855284,3004141864
2012,AC,Norte,10137924705,988545087,9149379618,957229306,1039346210,3732117248,3420686860
2013,AC,Norte,11473930166,990406861,10483523305,1182070987,1107063896,4245148079,3949240343
2014,AC,Norte,13458697630,1109711653,12348985976,1324890583,1401516813,5265059717,4357518864
2015,AC,Norte,13622801799,1179674731,12443127069,1346477497,1248791758,5309718268,4538139548
2016,AC,Norte,13754239978,1254239175,12500000805,1457713747,1075591295,5087576651,4879119108
2017,AC,Norte,14272940594,1437276669,12835663924,1342187256,1023095600,5280288945,5190092126
2018,AC,Norte,15331122590,1709065481,13622057108,1211596865,1092994192,5860255387,5457210663
2019,AC,Norte,15630016942,1690725713,13939291228,1044957696,997676011,6222757172,5673900349
2020,AC,Norte,16476370837,1679899793,14796471045,983531817,1191345379,6590543336,6031050521
2002,AM,Norte,22093338008,3876992799,18216345208,1239199988,7770508485,5965772157,3240864579
2003,AM,Norte,25862134092,4405652700,21456481392,1242909474,9512317229,7042094631,3659160055
2004,AM,Norte,31090695798,5850741248,25239954551,1163553228,11282178801,8706641447,4087581072
2005,AM,Norte,33980876529,5914591321,28066285213,1062898325,12232622260,9951408267,4819356356
2006,AM,Norte,39933212635,6671482414,33261730218,1258784541,14832388593,11367302631,5803254457
2007,AM,Norte,43479773086,7550984241,35928788844,1209601586,15296869677,13293669774,6128647810
2008,AM,Norte,48115264642,9411915651,38703348995,1254430053,16131908734,14274130859,7042879351
2009,AM,Norte,50559839676,8557513848,42002325831,1452858988,16651579557,16177634283,7720253004
2010,AM,Norte,60877122684,10492909289,50384213395,2219359254,21495795175,17887557870,8781501099
2011,AM,Norte,70734401222,11626289834,59108111385,4313385350,25079189530,19800919530,9914616985
2012,AM,Norte,72242700676,12670392962,59572307715,4127920999,22908356965,21585028433,10951001325
2013,AM,Norte,83051232958,14239236835,68811996119,5165834791,25419430028,25630754116,12595977185
2014,AM,Norte,86668643770,14770778988,71897864784,5181035235,24785545053,27814443777,14116840712
2015,AM,Norte,86568184233,13873398141,72694786096,5793489793,24230535899,28112628149,14558132246
2016,AM,Norte,89039781991,13131292870,75908489123,5879992534,26348685885,28476562978,15203247723
2017,AM,Norte,93240190919,14742723917,78497467001,5604035132,26055812058,30512813336,16324806476
2018,AM,Norte,100109235068,15747691358,84361543714,5514897806,28935047335,32505662412,17405936167
2019,AM,Norte,108181090996,17455843281,90725247718,4970467900,32982648876,33592897361,19179233582
2020,AM,Norte,116019139386,20058422775,95960716614,5114449144,35839810630,34795836262,20210620577
2002,RR,Norte,2392032671,174359460,2217673211,70983276,334225265,773172275,1039292399
2003,RR,Norte,2594080871,187581297,2406499576,95135787,225335273,906225381,1179803132
2004,RR,Norte,2822756978,205447406,2617309571,110342639,282207605,931473611,1293285717
2005,RR,Norte,3193430415,244354942,2949075476,98937726,308664970,1035153106,1506319669
2006,RR,Norte,3802452111,291326739,3511125372,92281423,481265053,1201350258,1736228641
2007,RR,Norte,4203302125,354670468,3848631658,124213071,358460175,1380373235,1985585178
2008,RR,Norte,4841862423,407347152,4434515274,127136382,441321411,1590633805,2275423674
2009,RR,Norte,5671974582,468281398,5203693181,123733131,570388804,1875474093,2634097154
2010,RR,Norte,6639150477,571823309,6067327167,148648021,818733165,2122913063,2977032922
2011,RR,Norte,7303719268,581674553,6722044710,175528416,815761473,2401062827,3329691996
2012,RR,Norte,7711467115,645640013,7065827102,213865270,762519382,2581877104,3507565347
2013,RR,Norte,9010725277,671397365,8339327910,384113042,1078682591,2911462692,3965069585
2014,RR,Norte,9744122309,751094997,8993027312,386508284,1010032055,3478905843,4117581130
2015,RR,Norte,10242905137,801566544,9441338591,516328412,900131801,3461310886,4563567493
2016,RR,Norte,11013237213,835733607,10177503604,563899114,872475111,3740704770,5000424614
2017,RR,Norte,12104709147,921878239,11182830907,609139184,960504989,4081352099,5531834638
2018,RR,Norte,13369987723,1102898515,12267089207,640832060,1355496352,4616996335,5653764461
2019,RR,Norte,14292227131,1295658423,12996568708,718022151,1009374826,5076143992,6193027733
2020,RR,Norte,16024275696,1500036536,14524239158,1000907462,1706511471,5278754961,6538065265
2002,PA,Norte,26482158871,2568294792,23913864078,3465780342,6127765556,9281332265,5038985927
2003,PA,Norte,30270151871,3079543210,27190608658,4032022848,6919947291,10425928911,5812709602
2004,PA,Norte,37272725891,3348291626,33924434262,4231384692,9696801550,13559101289,6437146733
2005,PA,Norte,40522893486,3991798341,36531095140,4621698125,10102356759,14568849663,7238190590
2006,PA,Norte,45983026806,4705277210,41277749601,5094226462,11373927848,16921686954,7887908331
2007,PA,Norte,51846876319,5236135004,46610741314,5238137716,11946338142,20085819945,9340445504
2008,PA,Norte,60956978232,5959448869,54997529353,5376136678,17023486234,21935188032,10662718399
2009,PA,Norte,61665095568,6233300773,55431794799,5940593569,12720934143,24438810977,12331456095
2010,PA,Norte,82684517799,7163155672,75521362132,8076833571,26792382336,26821214952,13830931273
2011,PA,Norte,98710735865,8169432001,90541303865,8971607794,34636072567,30626482672,16307140833
2012,PA,Norte,107080880914,9728825474,97352055449,10177461197,32488198494,36294946964,18391448798
2013,PA,Norte,121224846594,10828177677,110396668924,14532626147,36630082911,38179612269,21054347596
2014,PA,Norte,124584945023,11583305890,113001639129,13436405920,33311858045,42994151968,23259223193
2015,PA,Norte,130899505115,12587006245,118312498869,14500058909,33186297864,44834349143,25791792950
2016,PA,Norte,138107514257,13279184967,124828329284,17167979564,31529492424,47962380324,28168476962
2017,PA,Norte,155232403793,13583365709,141649038089,16743181599,43802183118,50120765866,30982907497
2018,PA,Norte,161349602045,14460486929,146889115114,14967854033,45502447420,54001480126,32417333529
2019,PA,Norte,178376983522,16467789713,161909193808,14944393614,55476708365,57019743114,34468348725
2020,PA,Norte,215935603795,18021964332,197913639459,19730656823,84173852308,56395092425,37614037902
2002,AP,Norte,3173342678,199411105,2973931571,41189817,322066173,1286573937,1324101644
2003,AP,Norte,3413195152,219680770,3193514381,39602849,386985270,1314785686,1452140573
2004,AP,Norte,3824739763,262571807,3562167955,53616039,358631000,1482313377,1667607535
2005,AP,Norte,4306410130,316459678,3989950453,125536690,377739249,1588317940,1898356573
2006,AP,Norte,5280821943,378424422,4902397520,145844095,393891458,2077477050,2285184916
2007,AP,Norte,6012522851,414614776,5597908078,159812620,493261117,2373377989,2571456353
2008,AP,Norte,6950413077,459263944,6491149134,150687037,669760322,2670204534,3000497244
2009,AP,Norte,7490655556,524920184,6965735369,173456843,499761076,3015446605,3277070844
2010,AP,Norte,8237795351,636080713,7601714639,196013347,583103997,3149814652,3672782643
2011,AP,Norte,9409228041,692482284,8716745758,221644942,799114597,3619866640,4076119577
2012,AP,Norte,11130867802,880290243,10250577562,273770003,1222934418,4083103082,4670770060
2013,AP,Norte,12763486218,1007411008,11756075212,253930234,1549106235,4743021687,5210017053
2014,AP,Norte,13400283590,1027845644,12372437946,269321303,1293217489,5333650795,5476248358
2015,AP,Norte,13861293272,970492623,12890800652,269394370,1657751926,5334001248,5629653105
2016,AP,Norte,14342135081,873511286,13468623797,289486651,1587885762,5370411489,6220839892
2017,AP,Norte,15481908326,1009318726,14472589600,310901394,1545046611,5931384759,6685256834
2018,AP,Norte,16795206668,1130188883,15665017783,294011007,1826898973,6354139398,7189968406
2019,AP,Norte,17496661074,1172461770,16324199304,311327954,1524642067,6673300185,7814929095
2020,AP,Norte,18469114505,1256996547,17212117956,339906135,2134852286,6481918486,8255441052
2002,TO,Norte,5322562915,548130029,4774432883,582145303,866334099,2007374515,1318578968
2003,TO,Norte,6612339054,706188405,5906150635,1067324681,905198117,2367556573,1566071267
2004,TO,Norte,7251579977,745623757,6505956220,990079157,1233043139,2497821204,1785012713
2005,TO,Norte,7707339683,879277206,6828062489,863682123,1268600326,2647208949,2048571095
2006,TO,Norte,8655613320,959075654,7696537666,723464702,1292677008,3188725408,2491670543
2007,TO,Norte,10192843991,1048026263,9144817733,788227745,1665388203,3793627687,2897574105
2008,TO,Norte,12116393284,1248998248,10867395038,1261326965,2004623049,4254777654,3346667389
2009,TO,Norte,13689804411,1275384112,12414420299,1604204165,2152448052,4835961011,3821807075
2010,TO,Norte,16404816089,1595633838,14809182255,1739792183,3104547967,5475260959,4489581140
2011,TO,Norte,18345687727,1788232740,16557454978,2095041404,3205924653,5951369638,5305119282
2012,TO,Norte,20684429940,1967937410,18716492518,2342060958,3468601715,7057594489,5848235360
2013,TO,Norte,23796656415,2155620954,21641035458,2714409677,3595519854,8344506489,6986599442
2014,TO,Norte,26189322646,2440609980,23748712658,3308539779,3760203240,9295407759,7384561885
2015,TO,Norte,28930290798,2634769791,26295521011,3415518078,3819618763,11078011265,7982372906
2016,TO,Norte,31584816193,3053353712,28531462480,3619436934,3805824537,12072217783,9033983216
2017,TO,Norte,34108131985,3256294409,30851837584,4159257924,4544470931,13017362035,9130746691
2018,TO,Norte,35666183075,3554207380,32111975697,4192214978,3942534402,13973142357,10004083953
2019,TO,Norte,39355941217,3817515453,35538425760,5036904246,4211458929,15340214275,10949848314
2020,TO,Norte,43649803218,4140893795,39508909413,8033173625,4408431382,15659235395,11408069014
2002,MA,Nordeste,15924002514,1357799240,14566203273,1867205923,2732201913,6537050283,3429745159
2003,MA,Nordeste,19502900087,1477578876,18025321209,2807839106,3592194272,7597302944,4027984893
2004,MA,Nordeste,22127131812,2028417313,20098714490,3045880420,3446072064,9150714552,4456047450
2005,MA,Nordeste,25104209286,2632824348,22471384944,2997350487,3657457664,10708935641,5107641163
2006,MA,Nordeste,29710643030,3090466120,26620176919,2706961137,6338676224,11604331000,5970208569
2007,MA,Nordeste,30730865778,3472773384,27258092388,3043971203,4958012345,12663966530,6592142316
2008,MA,Nordeste,37932402170,4099429903,33832972267,5004742951,6093113501,15060239332,7674876496
2009,MA,Nordeste,40994570650,4036524973,36958045673,4215842521,6083668499,17310181114,9348353549
2010,MA,Nordeste,46309633109,5198569461,41111063650,4537926598,6883369389,19232100835,10457666823
2011,MA,Nordeste,52143535326,6256742068,45886793261,5141825797,8304009031,20677964845,11762993583
2012,MA,Nordeste,60490108518,7506044012,52984064492,5438768365,10422535222,23975009732,13147751181
2013,MA,Nordeste,67694844541,7665958976,60028885568,6834850842,11376632239,27194495535,14622906954
2014,MA,Nordeste,76842027644,8275696972,68566330687,7384200172,12285257081,32058618371,16838255044
2015,MA,Nordeste,78475993839,8620463445,69855530405,7242279464,13709747710,30615337579,18288165632
2016,MA,Nordeste,85310038137,9401671359,75908366785,6048059567,13175421123,36126351342,20558534753
2017,MA,Nordeste,89542757307,10319768571,79222988731,7508658429,13482702799,36436370016,21795257485
2018,MA,Nordeste,98179495640,11196848427,86982647229,7778786735,16099462005,39616757957,23487640511
2019,MA,Nordeste,97339938019,13050578410,84289359603,7322376639,14568606833,37710898724,24687477417
2020,MA,Nordeste,106915961558,12287742323,94628219236,11572448702,17379117916,39180320014,26496332593
2002,PI,Nordeste,7122634624,815681609,6306953018,425756287,930320653,2735397621,2215478460
2003,PI,Nordeste,8414900525,913831877,7501068635,870564129,899614566,3214488087,2516401842
2004,PI,Nordeste,9406460753,1027237029,8379223721,961742722,1113157258,3544134276,2760189477
2005,PI,Nordeste,10711834495,1210758702,9501075790,913339650,1361033038,4089627647,3137075464
2006,PI,Nordeste,13360478492,1463641548,11896836938,852880544,2452229931,4955081716,3636644754
2007,PI,Nordeste,13736084546,1595517568,12140566976,793147628,1643042315,5203154303,4501222717
2008,PI,Nordeste,16203339851,1882982175,14320357682,1476395188,1604724445,6241445763,4997792303
2009,PI,Nordeste,18946449329,2147216871,16799232465,1581114194,2211153387,7219031024,5787933846
2010,PI,Nordeste,22269149135,2598893659,19670255461,1179327321,3202753448,8793637371,6494537326
2011,PI,Nordeste,25941362396,2789569375,23151793009,1936797417,3781435887,10070815236,7362744483
2012,PI,Nordeste,28637684706,3219282597,25418402106,1993218529,3876111974,11454287830,8094783775
2013,PI,Nordeste,31283593019,3435420593,27848172421,1774815289,3432289131,13068201686,9572866309
2014,PI,Nordeste,37723496640,3739752666,33983743972,2524584634,5402314602,15463028115,10593816610
2015,PI,Nordeste,39149685744,4080794642,35068891098,2734802421,4752012571,15936630213,11645445885
2016,PI,Nordeste,41416936734,4427867590,36989069135,1868311858,4694163220,17798890461,12627703608
2017,PI,Nordeste,45365541026,4852579033,40512961990,3791624993,4919858100,18390211104,13411267787
2018,PI,Nordeste,50378417554,5685663346,44692754195,4438221341,5557652558,19805301504,14891578795
2019,PI,Nordeste,52780784685,5648255450,47132529220,3773393587,5778163095,21456017724,16124954829
2020,PI,Nordeste,56391257063,5804994560,50586262488,5699077548,7058009531,20907298460,16921876934
2002,CE,Nordeste,28718840361,3677581705,25041258656,1885081291,5671628251,11594124567,5890424538
2003,CE,Nordeste,32687418273,4083654857,28603763416,2547351363,6092233782,13366637214,6597541047
2004,CE,Nordeste,36890816202,4691216136,32199600066,2481448783,7459180829,15207679653,7051290794
2005,CE,Nordeste,41059459215,4961206469,36098252752,2480486880,7745461024,17761666560,8110638276
2006,CE,Nordeste,46500320740,6068806475,40431514260,3204300870,8799847307,18898575084,9528790996
2007,CE,Nordeste,50818749012,6528933847,44289815168,2929835500,9522247227,21449457777,10388274664
2008,CE,Nordeste,60415573673,7779531852,52636041820,4027756299,11363224298,24391900063,12853161159
2009,CE,Nordeste,67199958045,8223749560,58976208488,3529843504,13104688189,27707288264,14634388529
2010,CE,Nordeste,79336299281,10157919726,69178379552,3495911332,15177895740,34074268852,16430303616
2011,CE,Nordeste,89695828420,11348411421,78347417009,5097212793,16668369082,38621600354,17960234782
2012,CE,Nordeste,96973752889,12897356131,84076396754,3940265410,17811603544,43285274074,19039253716
2013,CE,Nordeste,109036556353,14166658503,94869897862,4879645426,19347582521,48931355469,21711314443
2014,CE,Nordeste,126054471625,15275680967,110778790649,5763511926,21219778813,58697767319,25097732572
2015,CE,Nordeste,130629848526,15986378537,114643469990,5158506089,22419459354,59941424777,27124079768
2016,CE,Nordeste,138422520662,16622317368,121800203291,5720372247,23383228371,64274032783,28422569899
2017,CE,Nordeste,147921533985,17811517820,130110016160,7487617904,22209937343,69602096495,30810364406
2018,CE,Nordeste,155903824752,18799301794,137104522956,7092296390,24796334454,72770081502,32445810616
2019,CE,Nordeste,163575327180,20447089449,143128237733,7360087951,24407727270,77038375486,34322047031
2020,CE,Nordeste,166914535664,20755739199,146158796452,9508982035,25084342421,75388196172,36177275818
2002,RN,Nordeste,13566803381,1484059537,12082743844,552961814,3583307828,4644959327,3301514873
2003,RN,Nordeste,14865441489,1684219241,13181222257,854468276,3329619319,5362005920,3635128742
2004,RN,Nordeste,17252398422,1956260179,15296138247,899242104,4126394432,6232894227,4037607480
2005,RN,Nordeste,19966918075,2213214835,17753703233,870226514,5095576007,7046830355,4741070374
2006,RN,Nordeste,22890123700,2637958609,20252165091,1000952472,5593218343,8216776564,5441217710
2007,RN,Nordeste,26318258516,2804394384,23513864128,889354111,6684589476,9487809621,6452110922
2008,RN,Nordeste,28898860488,3220838003,25678022486,1016107319,7287362882,10170110932,7204441365
2009,RN,Nordeste,30941053635,3415521121,27525532510,1250770728,5827912273,12295757886,8151091622
2010,RN,Nordeste,36184502368,4035311908,32149190458,1148621887,7683076087,14253228301,9064264192
2011,RN,Nordeste,40992924913,4589900715,36403024207,1332371245,8955950255,15864658936,10250043768
2012,RN,Nordeste,46412208354,5155177182,41257031173,1301903520,10261649494,18625292256,11068185908
2013,RN,Nordeste,51518456550,5614656084,45903800459,1484893697,10736593958,20935627094,12746685727
2014,RN,Nordeste,54022583912,5787575234,48235008684,1540754536,10559609525,22328626331,13806018267
2015,RN,Nordeste,57250866829,6066978799,51183888032,1638635380,10741879199,23931524546,14871848908
2016,RN,Nordeste,59677388846,6544360808,53133028045,1866107857,10096237892,25368840855,15801841451
2017,RN,Nordeste,64305995062,6916220807,57389774241,2160568032,10694795236,27524282530,17010128442
2018,RN,Nordeste,66969562002,7393851270,59575710740,2596771256,11372517802,28127590936,17478830746
2019,RN,Nordeste,71336780166,7469817982,63866962185,2694051634,11751480230,30468868813,18952561521
2020,RN,Nordeste,71577106819,7760852467,63816254339,3010587934,11811274272,29207941814,19786450313
2002,PB,Nordeste,12747021186,1358801304,11388219880,755986580,2224280212,4837137437,3570815642
2003,PB,Nordeste,14737919527,1517703227,13220216302,1032364300,2722250559,5358364310,4107237117
2004,PB,Nordeste,15757831545,1626542143,14131289403,990340390,2852351147,5721957529,4566640318
2005,PB,Nordeste,17557226323,1889744971,15667481345,1078055796,2872769834,6403852714,5312803003
2006,PB,Nordeste,20838016360,2160423027,18677593331,1202152908,3376302401,7902101448,6197036566
2007,PB,Nordeste,22909811457,2338826956,20570984498,1086279037,3567408973,9034763564,6882532928
2008,PB,Nordeste,26889573077,2744601267,24144971810,1300429573,4166873158,10500236058,8177433013
2009,PB,Nordeste,30230406110,2999832887,27230573217,1497659136,4800655281,11775584195,9156674615
2010,PB,Nordeste,33522491694,3669253026,29853238676,1384254972,5436505270,12653196578,10379281858
2011,PB,Nordeste,37109136669,4123990217,32985146449,1790051178,6165509047,13789511050,11240075185
2012,PB,Nordeste,42488349200,4816365783,37671983410,1541055884,7290419745,16339494249,12501013531
2013,PB,Nordeste,46377299274,5389719188,40987580091,1846079655,7333200576,17527279803,14281020055
2014,PB,Nordeste,52936483065,5939188347,46997294733,1817994893,7848846658,21602865027,15727588159
2015,PB,Nordeste,56141890254,6036450466,50105439797,1909724597,8607039443,22911275594,16677400164
2016,PB,Nordeste,59104781396,6266591256,52838190142,2170748288,8221271379,24893730098,17552440378
2017,PB,Nordeste,62396775525,6721299873,55675475649,2156214200,8436882077,26320314417,18762064945
2018,PB,Nordeste,64373595373,7164285881,57209309486,2263878743,8849561560,26869026420,19226842760
2019,PB,Nordeste,67986073550,7708854698,60277218850,2195701925,9255709183,28853476390,19972331356
2020,PB,Nordeste,70292034110,7824002200,62468031908,2823160239,10000792872,29024383962,20619694846
2002,PE,Nordeste,36056031634,4898097905,31157933723,1868672001,7117753916,14620101598,7551406198
2003,PE,Nordeste,38815845289,5329515661,33486329631,2207184383,6877064805,16100963282,8301117162
2004,PE,Nordeste,44982684107,6162420003,38820264117,2392008918,8757032873,18525132662,9146089655
2005,PE,Nordeste,50240325202,7372709332,42867615873,2826505250,8808945850,20623499523,10608665248
2006,PE,Nordeste,55485293016,8259263192,47226029823,3091104703,9056806461,22979310155,12098808504
2007,PE,Nordeste,62459325003,9421246548,53038078458,3127554222,10193201014,26196750130,13520573104
2008,PE,Nordeste,70413938532,10889547464,59524391071,3652344297,11526317318,28762201816,15583527657
2009,PE,Nordeste,79760958068,11870882875,67890075192,3758293177,13469279316,32752050980,17910451719
2010,PE,Nordeste,97189760476,14237268860,82952491615,3962413036,18191729744,40414575030,20383773809
2011,PE,Nordeste,110161558964,16517145799,93644413157,4145575669,20201514735,47072371065,22224951705
2012,PE,Nordeste,127989043344,19381371614,108607671730,3849507955,23879347856,56393176996,24485638930
2013,PE,Nordeste,141150251796,20254544969,120895706839,4245216704,26001240510,63686985761,26962263849
2014,PE,Nordeste,155142647932,21821976905,133320671026,4436619155,24795153384,73335371419,30753527065
2015,PE,Nordeste,156963667544,22464052356,134499615199,5221889115,26895494899,70388749330,31993481834
2016,PE,Nordeste,167345031244,23319650744,144025380500,6190757584,28374770069,74808731259,34651121587
2017,PE,Nordeste,181609500842,25277489754,156332011093,6036386291,32604235554,79635282568,38056106670
2018,PE,Nordeste,186351975251,26830372659,159521602589,6693462103,32358420260,80541005110,39928715113
2019,PE,Nordeste,197853378471,28900180187,168953198276,7551624546,33358615836,85871514365,42171443521
2020,PE,Nordeste,193307317290,28538208125,164769109171,8661859317,34048335567,79777759036,42281155237
2002,AL,Nordeste,11536852891,937933640,10598919245,2474313378,2168565501,3530694271,2425346094
2003,AL,Nordeste,12624030216,1115456700,11508573520,2185070817,2537174402,4059939329,2726388980
2004,AL,Nordeste,14044907468,1276780468,12768127007,2164046680,2900315986,4711689267,2992075066
2005,AL,Nordeste,15484521444,1439090372,14045431080,2279759751,3121062584,5223346433,3421262313
2006,AL,Nordeste,17395670950,1712921127,15682749825,2356543855,3397083224,5960495640,3968627097
2007,AL,Nordeste,19871265910,1909226105,17962039801,2308058602,4033313389,7111795091,4508872711
2008,AL,Nordeste,22262294595,2147558137,20114736463,3040140706,4235186260,7535560001,5303849498
2009,AL,Nordeste,24182387524,2290836644,21891550868,3344040655,3974045148,8625466815,5947998264
2010,AL,Nordeste,27133037860,2792806153,24340231700,2911125859,4708284780,10091647048,6629174010
2011,AL,Nordeste,31657320736,3127359002,28529961740,3030277679,6510252527,11548137223,7441294299
2012,AL,Nordeste,34650397469,3401469552,31248927919,2966360125,6245822589,13941950573,8094794624
2013,AL,Nordeste,37282529122,3574439703,33708089428,3494991651,5924941844,14931913960,9356241969
2014,AL,Nordeste,40974994014,3710904997,37264089016,4127595808,5945156176,17218289451,9973047590
2015,AL,Nordeste,46367210608,4106554195,42260656414,4866390544,6430147241,20327916522,10636202107
2016,AL,Nordeste,49468740909,4714082950,44754657956,6752098441,5541012703,20560758051,11900788758
2017,AL,Nordeste,52851066935,5045446563,47805620381,8493021249,6021793514,20912725006,12378080601
2018,AL,Nordeste,54413046658,5520770189,48892276472,8125048155,5869558661,21829083090,13068586577
2019,AL,Nordeste,58963728728,5931434761,53032293962,9459893055,6411652455,23729136025,13431612421
2020,AL,Nordeste,63202348928,6060837402,57141511516,12622357004,7391279855,22733527234,14394347424
2002,SE,Nordeste,10332493905,1062189810,9270304103,601192747,2978220720,3469750027,2221140605
2003,SE,Nordeste,11749573695,1191692948,10557880750,866165576,3521983964,3701329401,2468401804
2004,SE,Nordeste,13336257992,1258741181,12077516819,806033812,4056643290,4539873750,2674965966
2005,SE,Nordeste,14430118490,1490164560,12939953932,851974700,4119330799,4844757868,3123890565
2006,SE,Nordeste,16419797845,1696903165,14722894683,1044477663,4432589328,5403488958,3842338732
2007,SE,Nordeste,18218449648,1801326349,16417123297,1031969621,4991424616,6158439704,4235289352
2008,SE,Nordeste,21418377992,2070681350,19347696640,1385385193,6310651288,6680446082,4971214083
2009,SE,Nordeste,21707243228,2117886064,19589357166,1607891758,5241591066,7301374421,5438499927
2010,SE,Nordeste,26404893223,2718059430,23686833790,1511775214,6858592449,9004883838,6311582293
2011,SE,Nordeste,29108271857,3070370971,26037900886,1359470749,7732915421,10147234441,6798280283
2012,SE,Nordeste,32853180807,3494315078,29358865725,1496450133,8956934520,11623147431,7282333642
2013,SE,Nordeste,35335986073,3727323962,31608662117,1797382859,8076492543,13528257428,8206529290
2014,SE,Nordeste,37472431502,3807651699,33664779806,1761811314,8297844014,14542800019,9062324463
2015,SE,Nordeste,38556530458,4047957915,34508572550,1732538773,7849195045,15348259906,9578578820
2016,SE,Nordeste,38877438482,4125537525,34751900963,1725189808,6974076683,16188209375,9864425089
2017,SE,Nordeste,40711486162,4299330477,36412155680,1966337070,6968355124,16964188739,10513274748
2018,SE,Nordeste,42017981279,4736116226,37281865059,1420290531,7457822878,17568466651,10835284997
2019,SE,Nordeste,44689482882,4818217747,39871265137,2037646835,7863195173,18141108847,11829314276
2020,SE,Nordeste,45409656566,4721691528,40687965041,2583361937,8906254776,17160838997,12037509338
2002,BA,Nordeste,58842975944,8368251983,50474723959,6612124525,11847928358,22322715730,9691955360
2003,BA,Nordeste,67174226862,9315868990,57858357873,7611625563,14017834242,25425185909,10803712149
2004,BA,Nordeste,77931724707,11552157306,66379567393,8695861302,17166806513,28779620183,11737279408
2005,BA,Nordeste,88291882625,13369419930,74922462704,7732466235,20014166399,33157999769,14017830284
2006,BA,Nordeste,95347801942,14669452554,80678349379,7958330202,20683390171,36028130178,16008498825
2007,BA,Nordeste,109329527526,15239840384,94089687149,9836861645,22418319571,44026546766,17807959152
2008,BA,Nordeste,121667454628,17034698710,104632755904,10248862930,25845257029,48470973908,20067662040
2009,BA,Nordeste,137942480645,16805537187,121136943452,10605794955,30277240319,57017261201,23236646981
2010,BA,Nordeste,154419547376,19004541345,135415006031,10709344117,36739895080,62199712691,25766054140
2011,BA,Nordeste,166602816895,20875761754,145727055136,11886321129,34633631301,70147077595,29060025131
2012,BA,Nordeste,182572530053,23276635837,159295894227,12779208866,35141826200,79329536739,32045322419
2013,BA,Nordeste,204844273539,26582573296,178261700261,13102101871,36471348021,92134231979,36554018378
2014,BA,Nordeste,223929966172,27727123523,196202842649,15483991943,41143347750,99338759872,40236743073
2015,BA,Nordeste,245043689661,29057553075,215986136565,17854430057,47768326699,106058085398,44305294405
2016,BA,Nordeste,258738970256,30409628464,228329341794,16533810479,54109026890,111129517803,46556986636
2017,BA,Nordeste,268724090234,32586182265,236137907960,15826853041,53019800573,118105040796,49186213539
2018,BA,Nordeste,286239541110,35705701804,250533839302,19095907512,53968696886,126322349821,51146885083
2019,BA,Nordeste,293240503586,36771959788,256468543806,17488117389,56013541421,127392284303,55574600699
2020,BA,Nordeste,305320812691,37094030606,268226782074,28006935845,59491629932,122722534188,58005682122
2002,MG,Sudeste,124071066407,17894892081,106176174317,6708709420,30290977876,50444731729,18731755303
2003,MG,Sudeste,144189093833,20400218333,123788875491,8190301810,37218980147,57958475412,20421118144
2004,MG,Sudeste,171870933838,22737515844,149133418006,10970385431,48338227675,67420124359,22404680512
2005,MG,Sudeste,188364435580,26860015866,161504419717,10658169753,52034505232,73116001855,25695742844
2006,MG,Sudeste,212659547189,28754249360,183905297813,11857908312,56111882563,87080988040,28854518892
2007,MG,Sudeste,240355238652,32816509568,207538729096,12428624358,64308679144,97991659695,32809765886
2008,MG,Sudeste,278607619372,39239112011,239368507363,14388149013,76378849468,110079950511,38521558350
2009,MG,Sudeste,287443848047,37096382559,250347465526,14571454708,74838455811,119545394923,41392160074
2010,MG,Sudeste,351123417732,45949447652,305173970112,17085912934,101270554352,140770072144,46047430671
2011,MG,Sudeste,400124687035,50492605083,349632081952,23795245679,115949813034,158390911919,51496111285
2012,MG,Sudeste,442282829874,55186906899,387095922959,25557441964,120130146084,183985312457,57423022420
2013,MG,Sudeste,488004903011,59194475250,428810427770,24063866415,131169704920,208202298962,65374557487
2014,MG,Sudeste,516633984096,62480551613,454153432503,25586133683,130897370606,225777878712,71892049500
2015,MG,Sudeste,519331213138,61888199911,457443013237,24438676070,119300650551,234808509816,78895176793
2016,MG,Sudeste,544810468390,66337726253,478472742134,33215807203,118431799796,242718547518,84106587630
2017,MG,Sudeste,576375544684,71299932822,505075611879,28711502201,128464906810,257819675107,90079527743
2018,MG,Sudeste,614875819797,76091166509,538784653286,28048257601,142818974946,274659351888,93258068845
2019,MG,Sudeste,651872684368,80407704926,571464979424,26402412264,154833585073,293927167458,96301814633
2020,MG,Sudeste,682786116407,81702629619,601083486791,39984391167,166049071678,295100108860,99949915102
2002,ES,Sudeste,27048996552,4743779770,22305216780,784413923,8164182067,9766872482,3589748305
2003,ES,Sudeste,31519105782,5928371459,25590734324,939678833,9308734726,10953541587,4388779180
2004,ES,Sudeste,39732638403,8090619071,31642019334,1243588343,11598311883,13844020954,4956098156
2005,ES,Sudeste,47020587607,9860322747,37160264861,1520321853,14125266847,15665874508,5848801657
2006,ES,Sudeste,53463868453,10613904042,42849964414,1771789014,16796218924,17707715287,6574241187
2007,ES,Sudeste,60658394971,12431449710,48226945265,1784128068,18787186070,19891810714,7763820405
2008,ES,Sudeste,72091158094,15043889361,57047268734,2067706751,22249536428,23914052611,8815972948
2009,ES,Sudeste,69215360730,13289886769,55925473967,1990830981,17926728155,26366196877,9641717955
2010,ES,Sudeste,85310284545,15492357734,69817926817,2243197195,26949550399,29493029507,11132149722
2011,ES,Sudeste,105976222185,19849536796,86126685395,2985713905,37166208556,33947168823,12027594098
2012,ES,Sudeste,116850580542,20892275975,95958304566,3176201399,40943377524,38436318300,13402407339
2013,ES,Sudeste,117274346943,19592379712,97681967228,3181360905,39529666737,40287985254,14682954328
2014,ES,Sudeste,128783781147,18979612147,109804169006,3725461411,42713516550,47948489394,15416701646
2015,ES,Sudeste,120365979914,19876292191,100489687727,3780658941,31209703055,49623438322,15875887408
2016,ES,Sudeste,109264423093,17036186914,92228236179,4268658022,22591139613,48999880561,16368557988
2017,ES,Sudeste,113399936793,17889281462,95510655326,4487418285,21310119997,53077025257,16636091787
2018,ES,Sudeste,137020054870,20758186279,116261868591,4383171146,37612827160,56539190177,17726680108
2019,ES,Sudeste,137345595431,22532768972,114812826461,4151890137,30481764274,61227310034,18951862010
2020,ES,Sudeste,138445922361,23585773687,114860148669,5223319619,31468833016,59074177906,19093818133
2002,RJ,Sudeste,184310915236,26363350653,157947564590,964335451,43222791974,82344027486,31416409689
2003,RJ,Sudeste,202640788576,27210322196,175430466373,895853005,49897165336,90704853896,33932594138
2004,RJ,Sudeste,241206738200,41380114124,199826624079,1259498840,60686374605,100694691246,37186059386
2005,RJ,Sudeste,269830061004,42791156858,227038904138,1225205548,74503631447,110283274921,41026792220
2006,RJ,Sudeste,299738183009,46111716675,253626466336,1250671263,88694875975,118596098716,45084820383
2007,RJ,Sudeste,323698285517,50770827883,272927457629,1142094715,88087477762,133370901140,50326984008
2008,RJ,Sudeste,378285800318,58505234456,319780565862,1349515981,108291606793,152606925286,57532517797
2009,RJ,Sudeste,391650854275,58568551196,333082303075,1578377542,93162141031,175367800470,62973984030
2010,RJ,Sudeste,449858101109,70446093384,379412007722,1534564080,113193367843,195662515656,69021560138
2011,RJ,Sudeste,512767904769,76488065390,436279839388,2135262604,135538880466,221180566343,77425129983
2012,RJ,Sudeste,574884973130,85263648838,489621324286,2366835449,159147132443,245152705484,82954650915
2013,RJ,Sudeste,628226069362,93265623518,534960445849,2442473270,162747371267,274802728527,94967872787
2014,RJ,Sudeste,671076844311,91738016960,579338827353,2841308862,171683729092,301915183190,102898606221
2015,RJ,Sudeste,659138951833,102739729275,556399222556,3013657572,131278633425,311578179272,110528752291
2016,RJ,Sudeste,640401206447,98268585581,542132620875,3077081381,98798160628,321677730423,118579648441
2017,RJ,Sudeste,671605668055,108118186566,563487481487,2926015454,104711661099,333966132184,121883672741
2018,RJ,Sudeste,758859046865,128426472455,630432574406,2966697024,149958584450,351765717508,125741575425
2019,RJ,Sudeste,779927917084,118873682437,661054234647,3031269702,165781864369,358325288748,133915811826
2020,RJ,Sudeste,753823710636,99694008692,654129701938,3694432895,157479025721,357264648854,135691594461
2002,SP,Sudeste,518878815174,88097621942,430781193225,14112139396,118210692743,256294875376,42163485696
2003,SP,Sudeste,591454031635,98628640750,492825390857,15683499095,143622014159,285815756513,47704121098
2004,SP,Sudeste,652955557517,113530236573,539425320932,14796608485,165114209788,308067125771,51447376902
2005,SP,Sudeste,743042944444,123757765990,619285178454,15586855310,184335424781,360853722547,58509175811
2006,SP,Sudeste,824529299048,137692429176,686836869875,19562571868,188399770870,413597840574,65276686560
2007,SP,Sudeste,935653179992,153407466278,782245713723,21201862172,216184754118,468964492308,75894605122
2008,SP,Sudeste,1042510167945,188503887392,854006280551,18004557763,235842155586,513150755327,87008811874
2009,SP,Sudeste,1127093826121,187722179074,939371647051,23610343423,246679409265,569506358144,99575536215
2010,SP,Sudeste,1294695988452,222855586778,1071840401675,22631448895,290102478082,656454246460,102652228253
2011,SP,Sudeste,1436672709019,251839888311,1184832820722,23370861707,305359570402,743871229163,112231159451
2012,SP,Sudeste,1559033443696,272334442925,1286699000774,23809337254,306561087141,833816173849,122512402539
2013,SP,Sudeste,1715238416566,295812194267,1419426222285,26457535094,323072407694,927683721804,142212557694
2014,SP,Sudeste,1858196055494,305323158636,1552872896859,27335095707,341738687134,1032873124291,150925989744
2015,SP,Sudeste,1939901907118,313897699637,1626004207507,26323233627,356652544088,1078986194483,164042235300
2016,SP,Sudeste,2038757381630,313449931906,1725307449733,35827656845,369476372921,1153330169822,166673250143
2017,SP,Sudeste,2120761635108,334019846614,1786741788504,36514604660,378976194843,1198136757946,173114231084
2018,SP,Sudeste,2210561949467,357765052210,1852796897265,31617650394,391375334425,1250257602993,179546309465
2019,SP,Sudeste,2348338000290,373027516062,1975310484236,33074726102,400871794192,1354778258158,186585705779
2020,SP,Sudeste,2377638979835,362788671543,2014850308310,44391204963,416873007358,1356311969181,197274126779
2002,PR,Sul,88235714970,11882496936,76353218041,8462914918,23308010446,34972719033,9609573655
2003,PR,Sul,110039414399,13557011888,96482402507,12452820328,28301257344,44634463224,11093861614
2004,PR,Sul,123451529532,15745288770,107706240771,12231959118,33450052400,49896436508,12127792758
2005,PR,Sul,127464507454,16847472015,110617035442,10348528250,33836920396,52481146874,13950439935
2006,PR,Sul,137648310679,18199411582,119448899088,10041830908,35491045720,58515504746,15400517719
2007,PR,Sul,165208890958,21244261566,143964629408,12808334019,41390051261,72532339778,17233904355
2008,PR,Sul,185683858660,26258915201,159424943470,16477829540,44581807414,78915761757,19449544765
2009,PR,Sul,196675611941,25632085267,171043526692,14639071111,48466186679,86647673269,21290595635
2010,PR,Sul,225205254696,32280693609,192924561095,17801329722,54221390990,97169280653,23732559707
2011,PR,Sul,257122268525,38271155855,218851112672,20734957581,62004882445,109155492507,26955780168
2012,PR,Sul,285620201624,42692943832,242927257796,22230118689,64970522513,124768185518,30958431081
2013,PR,Sul,333481152162,45802534856,287678617304,29915244891,74996316032,146779374231,35987682146
2014,PR,Sul,348084190849,46977486611,301106704239,28599808402,75758469754,156145617604,40602808470
2015,PR,Sul,376962821632,50332271966,326630549659,29397753791,83080350707,170340963760,43811481398
2016,PR,Sul,401814164419,50484607748,351329556664,34670442292,90310036326,177295276068,49053801962
2017,PR,Sul,421497870228,55469453738,366028416488,34454306960,92835937761,186215668484,52522503283
2018,PR,Sul,440029402862,57461290194,382568112675,36364979070,93690647675,199520383153,52992102770
2019,PR,Sul,466377036431,60748249689,405628786743,34337307260,105779995145,210476598611,55034885719
2020,PR,Sul,487930593779,61561140578,426369453210,56493860969,111144409448,201893052968,56838129811
2002,SC,Sul,54481893216,7132704773,47349188451,4854758863,14759198396,21458344746,6276886442
2003,SC,Sul,64098474683,8590621518,55507853161,5888997388,17292723888,25024765615,7301366278
2004,SC,Sul,73618965923,9422519561,64196446358,6056098884,21240360317,29051305794,7848681371
2005,SC,Sul,81549243683,11425596405,70123647291,5878781082,22321015731,32790057474,9133792997
2006,SC,Sul,91063448624,12416926228,78646522392,5792085059,25355323265,37226710670,10272403403
2007,SC,Sul,103728092246,14227780705,89500311532,6554496565,30979327705,40271014827,11695472439
2008,SC,Sul,121477257847,17423076279,104054181574,8364734084,33991287324,47921138140,13777022031
2009,SC,Sul,129098535042,17815932676,111282602352,8584319545,34414768058,53177893133,15105621618
2010,SC,Sul,153726007373,23256366773,130469640597,8942401725,42611872268,62085765977,16829600643
2011,SC,Sul,174068321733,27123556003,146944765731,8939526524,49573572687,69597714584,18833951946
2012,SC,Sul,191794652139,29742364896,162052287252,8896852548,52362594054,80005603716,20787236933
2013,SC,Sul,214512241571,33540617487,180971624086,12115977124,55719105848,88942119705,24194421408
2014,SC,Sul,242553370851,37721069521,204832301343,12676377376,62122645355,103567166629,26466111977
2015,SC,Sul,249079642281,39409220873,209670421422,12485692666,60267844596,108382197719,28534686416
2016,SC,Sul,256754668524,38841574514,217913094013,15004686364,59126499132,112348758121,31433150392
2017,SC,Sul,277270236580,43322451092,233947785491,14212205733,63230006319,122831214491,33674358942
2018,SC,Sul,298227090046,50319055812,247908034249,13671160375,66293250066,132462223011,35481400794
2019,SC,Sul,323263857398,55372570510,267891286895,15204640548,71166135078,143837768733,37682742536
2020,SC,Sul,349275015538,59990110988,289284904548,19402797571,78132238752,153999389375,37750478847
2002,RS,Sul,98847210906,14349583085,84497627809,9210447013,22444214831,42685527782,10157438181
2003,RS,Sul,119325398651,16871282495,102454116164,14081726481,27365989283,48573591942,12432808464
2004,RS,Sul,131192206297,19530531936,111661674357,12759033716,32585889650,53006277016,13310473973
2005,RS,Sul,136362768609,21952887970,114409880643,8143541035,32687548328,58790535818,14788255461
2006,RS,Sul,147622599264,22855633778,124766965490,10540411559,32988726381,64837007009,16400820538
2007,RS,Sul,168009752063,24520217811,143489534246,13035288636,36075536015,75726012802,18652696807
2008,RS,Sul,190229822436,29109346855,161120475592,15835785170,41144445431,83405243436,20735001567
2009,RS,Sul,204344940204,29203363043,175141577148,15580480565,48166085324,88972292339,22422718898
2010,RS,Sul,241249163899,35446457089,205802706817,17162698161,57499409470,102427755084,28712844109
2011,RS,Sul,265056416296,38683000844,226373415445,18877243180,61446640103,114678775614,31370756528
2012,RS,Sul,287587018678,42099905454,245487113219,16293754437,65393614081,129347434110,34452310595
2013,RS,Sul,332292726085,45627566085,286665159991,28784075939,69445164634,147890741620,40545177793
2014,RS,Sul,357816423821,47889286236,309927137595,28904542355,72455166896,163249953898,45317474449
2015,RS,Sul,381992601118,48574905799,333417695324,31271499110,77437931506,175969731780,48738532904
2016,RS,Sul,408789528054,52764580210,356024947822,36269541283,81763596272,187247789371,50744020897
2017,RS,Sul,423270047295,56166979636,367103067666,33612228094,82102382078,198169281965,53219175511
2018,RS,Sul,457293957594,60760044033,396533913537,35592662656,88973678673,214644724014,57322848201
2019,RS,Sul,482464177479,62316076148,420148101319,36264071570,94640915498,227082030512,62161083712
2020,RS,Sul,470941846057,60940138440,410001707605,36152317741,95234088624,216008064580,62607236661
2002,MS,Centro-Oeste,16440423926,1825763993,14614659932,3704293509,2414309643,5857580657,2638476116
2003,MS,Centro-Oeste,21846566336,2487709178,19358857158,5603807024,3179522155,7428209376,3147318609
2004,MS,Centro-Oeste,23372308186,2995523400,20376784782,4928541597,3868505120,7928649563,3651088504
2005,MS,Centro-Oeste,23725258355,3331839706,20393418654,3492881141,3731937053,9079641035,4088959430
2006,MS,Centro-Oeste,26667893812,3782241979,22885651831,3614580790,4406875197,9931655572,4932540273
2007,MS,Centro-Oeste,30084765195,4358950022,25725815177,4288215660,4270984236,11579196544,5587418745
2008,MS,Centro-Oeste,36219263039,5451263331,30767999700,5946530422,5305441618,12986128927,6529898750
2009,MS,Centro-Oeste,39517741740,5366525053,34151216690,5968605716,6212919871,14736152693,7233538405
2010,MS,Centro-Oeste,47270656394,5774643847,41496012552,7151612325,9380762956,16777300910,8186336355
2011,MS,Centro-Oeste,55133162451,6787270186,48345892261,8475223911,10946619254,19650183665,9273865427
2012,MS,Centro-Oeste,62013200885,7372619948,54640580938,9672427630,12318089087,22393201005,10256863217
2013,MS,Centro-Oeste,69203201262,7956459436,61246741825,10848014821,13534624371,25054324840,11809777797
2014,MS,Centro-Oeste,78950132709,8577514645,70372618057,12195262841,15220133122,30331933766,12625288325
2015,MS,Centro-Oeste,83082554714,8765977682,74316577031,13644663795,16375541007,30673810277,13622561943
2016,MS,Centro-Oeste,91892285159,9225096028,82667189133,15920945143,18678151004,32792432971,15275660017
2017,MS,Centro-Oeste,96396433756,9955459287,86440974465,15199479164,19094159024,35431615262,16715721015
2018,MS,Centro-Oeste,106969141696,10785548161,96183593537,18296454346,21406102497,38563839105,17917197593
2019,MS,Centro-Oeste,106943246416,11802284467,95140961949,16266178181,20483615518,38821933550,19569234705
2020,MS,Centro-Oeste,122627726080,12730268897,109897457185,26045011196,23313710730,40463334838,20075400418
2002,MT,Centro-Oeste,19190652533,2476104731,16714547797,4053906412,3044815634,6566238321,3049587433
2003,MT,Centro-Oeste,26697096887,3262108966,23434987909,6911803925,3613938812,9364127181,3545118004
2004,MT,Centro-Oeste,33388670158,4106943752,29281726405,9243226306,5478654213,10628756489,3931089393
2005,MT,Centro-Oeste,34257054621,4223134375,30033920250,8364458626,5198473042,11881369127,4589619468
2006,MT,Centro-Oeste,30700164573,4467009982,26233154589,4115653615,4432619131,12375105624,5309776216
2007,MT,Centro-Oeste,38027578413,4969382857,33058195563,6498656452,5176258584,15318360886,6064919642
2008,MT,Centro-Oeste,49202505249,6025343263,43177161986,9832948496,6490773390,19636448487,7216991616
2009,MT,Centro-Oeste,52693416786,6332418655,46360998142,9891748968,7129628897,21345725794,7993894478
2010,MT,Centro-Oeste,56600955373,6826407756,49774547612,8373222532,9770833413,22575617824,9054873855
2011,MT,Centro-Oeste,69153956735,7553524011,61600432725,13606987612,10999848540,26855697848,10137898736
2012,MT,Centro-Oeste,79665691137,9215533725,70450157413,17431769554,11064469518,30643168187,11310750153
2013,MT,Centro-Oeste,89212918588,10733133270,78479785311,18403528187,13826119832,33175417134,13074720159
2014,MT,Centro-Oeste,101234520268,10423118357,90811401921,19080402261,15824596355,41243642012,14662761311
2015,MT,Centro-Oeste,107418318632,9820544148,97597774485,19323226798,17124333398,44688809409,16461404866
2016,MT,Centro-Oeste,123880295558,11965235742,111915059813,25083183867,18327662678,49629725275,18874487993
2017,MT,Centro-Oeste,126845897787,14528034054,112317863735,22529143287,17045048654,52831420277,19912251528
2018,MT,Centro-Oeste,137442852834,14748701417,122694151423,25684098881,19398439739,56343006152,21268606648
2019,MT,Centro-Oeste,142122027969,15503622934,126618405033,27051018424,20585079174,56980389866,22001917567
2020,MT,Centro-Oeste,178649563700,19040711886,159608851818,46004316712,27663774472,62253821963,23686938663
2002,GO,Centro-Oeste,38629364574,4484244717,34145119868,5051406044,8737191313,14922918441,5433604075
2003,GO,Centro-Oeste,45557889216,5501047223,40056841984,5978347937,10090205319,17765222257,6223066481
2004,GO,Centro-Oeste,51103815346,5569127984,45534687383,6597089046,12094099774,19726898913,7116599649
2005,GO,Centro-Oeste,53865112567,6062806613,47802305949,4949243020,13117514181,21706638015,8028910732
2006,GO,Centro-Oeste,61375402643,7110975334,54264427317,4227251206,14737378758,26222300447,9077496916
2007,GO,Centro-Oeste,71410567717,8122453277,63288114448,5768765835,18003282454,29247415428,10268650731
2008,GO,Centro-Oeste,82417563800,9944062790,72473501011,7614712941,20151244249,32938241089,11769302731
2009,GO,Centro-Oeste,92865743084,10763392310,82102350778,9127195018,22791027800,37865107446,12319020510
2010,GO,Centro-Oeste,106770109478,13524109748,93245999720,10376549294,26426091169,42117306364,14326052903
2011,GO,Centro-Oeste,121296720836,16169881053,105126839784,11615992522,28318485034,48899905717,16292456515
2012,GO,Centro-Oeste,138757825030,16281342038,122476482987,14076185796,31753852461,58523824008,18122620723
2013,GO,Centro-Oeste,151300175113,17491889632,133808285481,16443064606,34474150791,62138112013,20752958079
2014,GO,Centro-Oeste,165015318467,18454976809,146560341662,15645244889,34823316823,73155671702,22936108235
2015,GO,Centro-Oeste,173632450243,19058998309,154573451928,16107352630,37806900135,76120154718,24539044436
2016,GO,Centro-Oeste,181759603534,19652308568,162107294953,19727710795,37192410100,79562123678,25625050386
2017,GO,Centro-Oeste,191948301048,20647120873,171301180168,19423014552,37097357607,86094314437,28686493566
2018,GO,Centro-Oeste,195681723991,21791556394,173890167588,19905389676,36092370052,87575964086,30316443768
2019,GO,Centro-Oeste,208672491708,23475570946,185196920768,21176310751,39177869333,91287240881,33555499807
2020,GO,Centro-Oeste,224126112041,24293378912,199832733139,29022562983,47124851599,89797907217,33887411346
2002,DF,Centro-Oeste,53902199799,6926279208,46975920591,165416683,4089946543,21927573402,20792983964
2003,DF,Centro-Oeste,58456124319,8184362560,50271761758,202741092,3626552963,23457578470,22984889233
2004,DF,Centro-Oeste,67076505202,9052714237,58023790964,207927238,4582968259,26294290396,26938605071
2005,DF,Centro-Oeste,75732681210,10861777419,64870903791,233067382,5404386536,29543222809,29690227064
2006,DF,Centro-Oeste,84661405538,11310685519,73350720019,189609085,4714630368,34310022860,34136457706
2007,DF,Centro-Oeste,93404000766,11877963964,81526036802,262024894,5237235023,38931154849,37095622036
2008,DF,Centro-Oeste,110299557146,15856586864,94442970282,316058423,5726278901,45514197129,42886435828
2009,DF,Centro-Oeste,124323753082,17605560039,106718193043,364899931,7660050614,48584244132,50108998365
2010,DF,Centro-Oeste,144174101595,22553878700,121620222895,327804575,9184148921,58259560974,53848708424
2011,DF,Centro-Oeste,154568953955,22938023988,131630929967,616419106,9376544959,62166346253,59471619649
2012,DF,Centro-Oeste,164101336475,25839513776,138261822699,493362299,9705773895,67883270248,60179416257
2013,DF,Centro-Oeste,175906725532,25103790066,150802935466,612235250,9690310704,73716987942,66783401570
2014,DF,Centro-Oeste,197432058527,26230292508,171201766020,770067554,11346921785,85358920839,73725855841
2015,DF,Centro-Oeste,215612862838,29318811520,186294051318,626694085,9996983948,92375778698,83294594587
2016,DF,Centro-Oeste,235540044811,29145619376,206394425435,820754661,9662357225,103859865830,92051447720
2017,DF,Centro-Oeste,244722249337,29120461647,215601787690,828313642,8448768236,108322119432,98002586380
2018,DF,Centro-Oeste,254817204692,28692287369,226124917323,1022690641,9541298290,113768086938,101792841454
2019,DF,Centro-Oeste,273613711477,30686607647,242927103829,992393584,9453608031,125261853488,107219248727
2020,DF,Centro-Oeste,265847334003,25466227775,240381106228,1623976909,10942472569,116547655370,111267001381
